[
  {
    "icon": "fa fa-home",
    "slug": "external",
    "title": "Volver al inicio",
    "path": "index.html"
  },  
  {
    "id": 1,
    "icon": "fa fa-file-text",
    "slug": "introduccion",
    "title": "1. Introducción al dibujo básico",    
    "path": "pages/tema-1.html"    
  },
  {
    "id": 2,
    "icon": "fa fa-file-text",
    "slug": "herramientas_dibujo",
    "title": "1.1 Herramientas de dibujo",    
    "path": "pages/tema-1-1.html"    
  },
  {
    "id": 3,
    "icon": "fa fa-play-circle",
    "slug": "bocetacion",
    "title": "1.2 Bocetación",    
    "path": "pages/tema-1-2.html"    
  },
  {
    "id": 4,
    "icon": "fa fa-play-circle",
    "slug": "perspectiva",
    "title": "1.3 Perspectiva",    
    "path": "pages/tema-1-3.html"    
  },
  {
    "id": 5,
    "icon": "fa fa-file-text",
    "slug": "abstraccion",
    "title": "1.4 Abstracción y líneas de acción",    
    "path": "pages/tema-1-4.html"    
  },
  {
    "id": 6,
    "icon": "fa fa-file-text",
    "slug": "lenguaje_audiovisual",
    "title": "2. Lenguaje audiovisual",    
    "path": "pages/tema-2.html"      
  },  
  {
    "id": 7,
    "icon": "fa fa-file-text",
    "slug": "storyboard",
    "title": "3. Storyboard",    
    "path": "pages/tema-3.html"       
  },
  {
    "id": 8,
    "icon": "fa fa-file-text",
    "slug": "guion_tecnico",
    "title": "3.1 Guión técnico",    
    "path": "pages/tema-3-1.html"    
  },
  {
    "id": 9,
    "icon": "fa fa-file-text",
    "slug": "tecnicas_fomatos",
    "title": "3.2 Técnicas y formatos",    
    "path": "pages/tema-3-2.html"    
  },
  {
    "id": 10,
    "icon": "fa fa-file-text",
    "slug": "animatic",
    "title": "3.3 Animatic",    
    "path": "pages/tema-3-3.html"    
  },    
  {
    "id": 12,
    "icon": "fa fa-play-circle",
    "slug": "montaje",
    "title": "4. Montaje",    
    "path": "pages/tema-4.html"    
  },
  {
    "id": 12,
    "icon": "fa fa-file-text",
    "slug": "elevator_pitch",
    "title": "5. Elevator pitch",    
    "path": "pages/tema-5.html"    
  }    
]